use tiny_theaters;

insert into customer(customer_id, customer_first, customer_last,        customer_email,        customer_phone, customer_address) values (1, 'Abby', 'Hanssmann','ahanssmannds@slideshare.net', '411-300-6923', '83935 Farwell Center'); 
insert into customer(customer_id, customer_first, customer_last,        customer_email,        customer_phone, customer_address) values (2, 'Alistair', 'Sweetman','asweetmanel@symantec.com', '', '2 Clove Plaza'); 
insert into customer(customer_id, customer_first, customer_last,        customer_email,        customer_phone, customer_address) values (3, 'Anissa', 'Truman','atruman9n@skype.com', '', '00329 Cardinal Alley'); 
insert into customer(customer_id, customer_first, customer_last,        customer_email,        customer_phone, customer_address) values (4, 'Annice', 'Agney','aagney9h@cloudflare.com', '518-266-7353', '0 Shopko Road'); 
insert into customer(customer_id, customer_first, customer_last,        customer_email,        customer_phone, customer_address) values (5, 'Ashly', 'Earnshaw','aearnshawaw@exblog.jp', '389-717-9553', ''); 
insert into customer(customer_id, customer_first, customer_last,        customer_email,        customer_phone, customer_address) values (6, 'Barclay', 'Jentle','bjentleme@reverbnation.com', '572-131-1190', '548 Main Hill'); 
insert into customer(customer_id, customer_first, customer_last,        customer_email,        customer_phone, customer_address) values (7, 'Benjamin', 'Court','bcourtnb@geocities.jp', '101-417-7055', '3037 Forest Dale Parkway'); 
insert into customer(customer_id, customer_first, customer_last,        customer_email,        customer_phone, customer_address) values (8, 'Bethany', 'Koene','bkoeneia@google.com.br', '', '68 Longview Place'); 
insert into customer(customer_id, customer_first, customer_last,        customer_email,        customer_phone, customer_address) values (9, 'Brian', 'Bake','bbake2c@opera.com', '', '282 Anhalt Center'); 
insert into customer(customer_id, customer_first, customer_last,        customer_email,        customer_phone, customer_address) values (10, 'Bridie', 'Ruddock','bruddocknh@statcounter.com', '537-777-8224', '8 Raven Alley'); 
insert into customer(customer_id, customer_first, customer_last,        customer_email,        customer_phone, customer_address) values (11, 'Briny', 'Dalziell','bdalziell7t@123-reg.co.uk', '767-835-2789', '4867 Artisan Avenue'); 
insert into customer(customer_id, customer_first, customer_last,        customer_email,        customer_phone, customer_address) values (12, 'Caye', 'Treher','ctreherqc@java.com', '771-551-7858', '367 Cherokee Alley'); 
insert into customer(customer_id, customer_first, customer_last,        customer_email,        customer_phone, customer_address) values (13, 'Chiarra', 'Vail','cvailhe@ft.com', '', '5303 Oriole Alley'); 
insert into customer(customer_id, customer_first, customer_last,        customer_email,        customer_phone, customer_address) values (14, 'Chue', 'Tibbles','ctibbles27@purevolume.com', '', '888 Maple Wood Plaza'); 
insert into customer(customer_id, customer_first, customer_last,        customer_email,        customer_phone, customer_address) values (15, 'Cullen', 'Guirau','cguirau11@mozilla.com', '485-954-2414', '6885 Bellgrove Street'); 
insert into customer(customer_id, customer_first, customer_last,        customer_email,        customer_phone, customer_address) values (16, 'Damara', 'Whieldon','dwhieldon85@mediafire.com', '586-275-8659', '9944 Toban Trail'); 
insert into customer(customer_id, customer_first, customer_last,        customer_email,        customer_phone, customer_address) values (17, 'Elicia', 'Heymann','eheymann22@github.com', '129-168-4725', '9891 Burning Wood Parkway'); 
insert into customer(customer_id, customer_first, customer_last,        customer_email,        customer_phone, customer_address) values (18, 'Elizabet', 'Meininger','emeininger5d@shutterfly.com', '939-705-2658', '86 Summer Ridge Road'); 
insert into customer(customer_id, customer_first, customer_last,        customer_email,        customer_phone, customer_address) values (19, 'Emily', 'Duffree','eduffreear@discovery.com', '759-783-7433', '77 Cherokee Street'); 
insert into customer(customer_id, customer_first, customer_last,        customer_email,        customer_phone, customer_address) values (20, 'Erasmus', 'Tighe','etighebu@google.it', '468-250-2065', '09 Spohn Place'); 
insert into customer(customer_id, customer_first, customer_last,        customer_email,        customer_phone, customer_address) values (21, 'Fax', 'Geraudel','fgeraudel2n@ted.com', '342-454-2119', '726 Fairfield Alley'); 
insert into customer(customer_id, customer_first, customer_last,        customer_email,        customer_phone, customer_address) values (22, 'Fernande', 'Kincade','fkincadems@hubpages.com', '120-256-4927', ''); 
insert into customer(customer_id, customer_first, customer_last,        customer_email,        customer_phone, customer_address) values (23, 'Flinn', 'Crowcher','fcrowcherkg@dagondesign.com', '248-528-3878', '606 Pierstorff Road'); 
insert into customer(customer_id, customer_first, customer_last,        customer_email,        customer_phone, customer_address) values (24, 'Flore', 'Wiltshear','fwiltshearop@flickr.com', '', '76 Marcy Alley'); 
insert into customer(customer_id, customer_first, customer_last,        customer_email,        customer_phone, customer_address) values (25, 'Frans', 'Fleckney','ffleckney6p@liveinternet.ru', '518-464-9580', '44 Bluejay Alley'); 
insert into customer(customer_id, customer_first, customer_last,        customer_email,        customer_phone, customer_address) values (26, 'Gertruda', 'Friedenbach','gfriedenbachey@intel.com', '', ''); 
insert into customer(customer_id, customer_first, customer_last,        customer_email,        customer_phone, customer_address) values (27, 'Giraud', 'Bachmann','gbachmann6v@tuttocitta.it', '553-661-5496', '13708 Hagan Terrace'); 
insert into customer(customer_id, customer_first, customer_last,        customer_email,        customer_phone, customer_address) values (28, 'Gordon', 'Walwood','gwalwoodng@devhub.com', '', '7 Hanson Pass'); 
insert into customer(customer_id, customer_first, customer_last,        customer_email,        customer_phone, customer_address) values (29, 'Hannis', 'Ruttgers','hruttgers4z@usda.gov', '585-198-4175', ''); 
insert into customer(customer_id, customer_first, customer_last,        customer_email,        customer_phone, customer_address) values (30, 'Hashim', 'Daouze','hdaouze32@craigslist.org', '338-922-3547', '51 Sycamore Circle'); 
insert into customer(customer_id, customer_first, customer_last,        customer_email,        customer_phone, customer_address) values (31, 'Hertha', 'Glendining','hglendiningcg@blog.com', '923-614-3843', '24 Ridgeway Drive'); 
insert into customer(customer_id, customer_first, customer_last,        customer_email,        customer_phone, customer_address) values (32, 'Hulda', 'McEwan','hmcewan2e@bravesites.com', '', '26 Pleasure Circle'); 
insert into customer(customer_id, customer_first, customer_last,        customer_email,        customer_phone, customer_address) values (33, 'Husain', 'Scheu','hscheujs@ovh.net', '', '1 Oneill Terrace'); 
insert into customer(customer_id, customer_first, customer_last,        customer_email,        customer_phone, customer_address) values (34, 'Jammie', 'Swindles','jswindlesd9@studiopress.com', '801-514-8648', '08 Mcbride Center'); 
insert into customer(customer_id, customer_first, customer_last,        customer_email,        customer_phone, customer_address) values (35, 'Jayme', 'Heberden','jheberden23@paypal.com', '', '96 Northfield Pass'); 
insert into customer(customer_id, customer_first, customer_last,        customer_email,        customer_phone, customer_address) values (36, 'Joice', 'Belford','jbelfordbw@oaic.gov.au', '597-748-6096', ''); 
insert into customer(customer_id, customer_first, customer_last,        customer_email,        customer_phone, customer_address) values (37, 'Jong', 'Cosgreave','jcosgreaveae@skype.com', '775-997-8002', '6189 School Center'); 
insert into customer(customer_id, customer_first, customer_last,        customer_email,        customer_phone, customer_address) values (38, 'Jordain', 'Ceresa','jceresak@canalblog.com', '583-196-0536', '2 Eggendart Place'); 
insert into customer(customer_id, customer_first, customer_last,        customer_email,        customer_phone, customer_address) values (39, 'Kacy', 'Seeman','kseemanqi@europa.eu', '465-210-2818', '6 Huxley Road'); 
insert into customer(customer_id, customer_first, customer_last,        customer_email,        customer_phone, customer_address) values (40, 'Keelby', 'Hargey','khargeyi3@ycombinator.com', '', '0 Lien Hill'); 
insert into customer(customer_id, customer_first, customer_last,        customer_email,        customer_phone, customer_address) values (41, 'Koo', 'Noen','knoenr3@home.pl', '476-862-0824', '451 Pankratz Pass'); 
insert into customer(customer_id, customer_first, customer_last,        customer_email,        customer_phone, customer_address) values (42, 'Kurtis', 'Gallie','kgallie5i@devhub.com', '625-145-9762', '849 Park Meadow Parkway'); 
insert into customer(customer_id, customer_first, customer_last,        customer_email,        customer_phone, customer_address) values (43, 'Laryssa', 'Blankley','lblankleyeg@so-net.ne.jp', '973-269-0728', '760 Bluejay Center'); 
insert into customer(customer_id, customer_first, customer_last,        customer_email,        customer_phone, customer_address) values (44, 'Lise', 'Eles','leles8q@free.fr', '130-343-1228', '6001 Golden Leaf Court'); 
insert into customer(customer_id, customer_first, customer_last,        customer_email,        customer_phone, customer_address) values (45, 'Liv', 'Egle of Germany','legleofgermanybh@blinklist.com', '280-270-5128', '76 Summit Place'); 
insert into customer(customer_id, customer_first, customer_last,        customer_email,        customer_phone, customer_address) values (46, 'Loralie', 'Rois','lroisqb@apache.org', '951-564-7953', '9 Marcy Pass'); 
insert into customer(customer_id, customer_first, customer_last,        customer_email,        customer_phone, customer_address) values (47, 'Lotte', 'Peace','lpeaceba@123-reg.co.uk', '563-440-4892', '84074 Lakeland Pass'); 
insert into customer(customer_id, customer_first, customer_last,        customer_email,        customer_phone, customer_address) values (48, 'Lucien', 'Playdon','lplaydonmf@whitehouse.gov', '436-630-2158', ''); 
insert into customer(customer_id, customer_first, customer_last,        customer_email,        customer_phone, customer_address) values (49, 'Lynda', 'Broadfield','lbroadfield8y@nifty.com', '450-505-5416', '8 Cascade Avenue'); 
insert into customer(customer_id, customer_first, customer_last,        customer_email,        customer_phone, customer_address) values (50, 'Maggi', 'Ludlow','mludlow5k@skype.com', '457-949-2916', '39 Colorado Drive'); 
insert into customer(customer_id, customer_first, customer_last,        customer_email,        customer_phone, customer_address) values (51, 'Maximilianus', 'Kasparski','mkasparski2f@buzzfeed.com', '861-566-4377', '08643 Columbus Circle'); 
insert into customer(customer_id, customer_first, customer_last,        customer_email,        customer_phone, customer_address) values (52, 'Maximilianus', 'Pettifor','mpettiforro@list-manage.com', '', '88806 Kedzie Lane'); 
insert into customer(customer_id, customer_first, customer_last,        customer_email,        customer_phone, customer_address) values (53, 'Melamie', 'Feighry','mfeighrygk@cdc.gov', '736-412-5331', '6 Anzinger Park'); 
insert into customer(customer_id, customer_first, customer_last,        customer_email,        customer_phone, customer_address) values (54, 'Merissa', 'Strelitzki','mstrelitzkiny@facebook.com', '', '0 Pennsylvania Alley'); 
insert into customer(customer_id, customer_first, customer_last,        customer_email,        customer_phone, customer_address) values (55, 'Ogdon', 'Southworth','osouthworthcl@jalbum.net', '476-643-3909', '1276 Oneill Point'); 
insert into customer(customer_id, customer_first, customer_last,        customer_email,        customer_phone, customer_address) values (56, 'Oliy', 'O''Kenny','ookennyh3@springer.com', '', '9 Sherman Center'); 
insert into customer(customer_id, customer_first, customer_last,        customer_email,        customer_phone, customer_address) values (57, 'Pooh', 'Bedburrow','pbedburrowcc@stanford.edu', '', '9 Manitowish Court'); 
insert into customer(customer_id, customer_first, customer_last,        customer_email,        customer_phone, customer_address) values (58, 'Rachel', 'Goudie','rgoudie6j@google.it', '', '52142 Hanover Avenue'); 
insert into customer(customer_id, customer_first, customer_last,        customer_email,        customer_phone, customer_address) values (59, 'Rawley', 'Cridge','rcridgepf@smh.com.au', '517-853-7604', '043 Bunting Court'); 
insert into customer(customer_id, customer_first, customer_last,        customer_email,        customer_phone, customer_address) values (60, 'Rolf', 'Bellamy','rbellamyd1@comcast.net', '731-485-3430', ''); 
insert into customer(customer_id, customer_first, customer_last,        customer_email,        customer_phone, customer_address) values (61, 'Roma', 'Ingraham','ringrahamhd@cbc.ca', '321-479-9051', '4 Caliangt Court'); 
insert into customer(customer_id, customer_first, customer_last,        customer_email,        customer_phone, customer_address) values (62, 'Rowan', 'Brumhead','rbrumheadiz@japanpost.jp', '302-617-1804', '8212 Pleasure Junction'); 
insert into customer(customer_id, customer_first, customer_last,        customer_email,        customer_phone, customer_address) values (63, 'Salim', 'Strutt','sstruttra@ihg.com', '470-350-3212', ''); 
insert into customer(customer_id, customer_first, customer_last,        customer_email,        customer_phone, customer_address) values (64, 'Sarine', 'Bergstrand','sbergstrand35@dell.com', '', '6907 Cherokee Plaza'); 
insert into customer(customer_id, customer_first, customer_last,        customer_email,        customer_phone, customer_address) values (65, 'Shannah', 'Ramsell','sramselloa@cnbc.com', '357-730-4952', '2 Dovetail Way'); 
insert into customer(customer_id, customer_first, customer_last,        customer_email,        customer_phone, customer_address) values (66, 'Siegfried', 'Daymont','sdaymontcw@amazon.com', '732-737-5291', '88 Mitchell Alley'); 
insert into customer(customer_id, customer_first, customer_last,        customer_email,        customer_phone, customer_address) values (67, 'Sigvard', 'Hammett','shammett7p@trellian.com', '427-974-7832', '36 Macpherson Court'); 
insert into customer(customer_id, customer_first, customer_last,        customer_email,        customer_phone, customer_address) values (68, 'Tait', 'Armes','tarmesaz@abc.net.au', '537-598-4016', '0612 Monterey Drive'); 
insert into customer(customer_id, customer_first, customer_last,        customer_email,        customer_phone, customer_address) values (69, 'Thatcher', 'Roubay','troubay2b@nymag.com', '172-224-9291', '69107 Morrow Road'); 
insert into customer(customer_id, customer_first, customer_last,        customer_email,        customer_phone, customer_address) values (70, 'Therine', 'Colnett','tcolnett4c@amazon.co.jp', '437-787-0467', '4 Jay Center'); 
insert into customer(customer_id, customer_first, customer_last,        customer_email,        customer_phone, customer_address) values (71, 'Thorsten', 'Lamplugh','tlamplughkj@arizona.edu', '557-567-3351', '6 Badeau Lane'); 
insert into customer(customer_id, customer_first, customer_last,        customer_email,        customer_phone, customer_address) values (72, 'Willdon', 'Eldered','weldered1q@google.com.br', '160-171-6278', '8954 Chive Drive'); 
insert into customer(customer_id, customer_first, customer_last,        customer_email,        customer_phone, customer_address) values (73, 'Wilt', 'Giaomozzo','wgiaomozzo7u@vistaprint.com', '759-722-5091', '5495 Hoepker Road'); 
insert into customer(customer_id, customer_first, customer_last,        customer_email,        customer_phone, customer_address) values (74, 'Winny', 'Sheather','wsheather1k@rambler.ru', '', ''); 

insert into theater(theater_id, theater, theater_address, theater_phone, theater_email) values(1, '10 Pin', '62341 Merchant Street, Eagan, MN 55555', '(651) 555-5555', 'ten.pin@rcttc.com');
insert into theater(theater_id, theater, theater_address, theater_phone, theater_email) values(2, 'Horizon', '70 Meadow Valley Parkway, Saint Paul, MN 55103', '(651) 555-5555', 'horizon@rcttc.com');
insert into theater(theater_id, theater, theater_address, theater_phone, theater_email) values(3, 'Little Fitz', '10 E Exchange St, St Paul, MN 55101', '(651) 555-5555', 'little.fitz@rcttc.com');


insert into seat(seat_id, seat, theater_id) values (1, 'A1', 1);
insert into seat(seat_id, seat, theater_id) values (2, 'A2', 1);
insert into seat(seat_id, seat, theater_id) values (3, 'A3', 1);
insert into seat(seat_id, seat, theater_id) values (4, 'A4', 1);
insert into seat(seat_id, seat, theater_id) values (5, 'A5', 1);
insert into seat(seat_id, seat, theater_id) values (6, 'B1', 1);
insert into seat(seat_id, seat, theater_id) values (7, 'B2', 1);
insert into seat(seat_id, seat, theater_id) values (8, 'B3', 1);
insert into seat(seat_id, seat, theater_id) values (9, 'B4', 1);
insert into seat(seat_id, seat, theater_id) values (10, 'B5', 1);
insert into seat(seat_id, seat, theater_id) values (11, 'C1', 1);
insert into seat(seat_id, seat, theater_id) values (12, 'C2', 1);
insert into seat(seat_id, seat, theater_id) values (13, 'C3', 1);
insert into seat(seat_id, seat, theater_id) values (14, 'C4', 1);
insert into seat(seat_id, seat, theater_id) values (15, 'C5', 1);
insert into seat(seat_id, seat, theater_id) values (16, 'D1', 1);
insert into seat(seat_id, seat, theater_id) values (17, 'D2', 1);
insert into seat(seat_id, seat, theater_id) values (18, 'D3', 1);
insert into seat(seat_id, seat, theater_id) values (19, 'D4', 1);
insert into seat(seat_id, seat, theater_id) values (20, 'D5', 1);
insert into seat(seat_id, seat, theater_id) values (21, 'E1', 1);
insert into seat(seat_id, seat, theater_id) values (22, 'E2', 1);
insert into seat(seat_id, seat, theater_id) values (23, 'E3', 1);
insert into seat(seat_id, seat, theater_id) values (24, 'E4', 1);
insert into seat(seat_id, seat, theater_id) values (25, 'E5', 1);
insert into seat(seat_id, seat, theater_id) values (26, 'A1', 2);
insert into seat(seat_id, seat, theater_id) values (27, 'A2', 2);
insert into seat(seat_id, seat, theater_id) values (28, 'A3', 2);
insert into seat(seat_id, seat, theater_id) values (29, 'A4', 2);
insert into seat(seat_id, seat, theater_id) values (30, 'A5', 2);
insert into seat(seat_id, seat, theater_id) values (31, 'A6', 2);
insert into seat(seat_id, seat, theater_id) values (32, 'A7', 2);
insert into seat(seat_id, seat, theater_id) values (33, 'A8', 2);
insert into seat(seat_id, seat, theater_id) values (34, 'B1', 2);
insert into seat(seat_id, seat, theater_id) values (35, 'B2', 2);
insert into seat(seat_id, seat, theater_id) values (36, 'B3', 2);
insert into seat(seat_id, seat, theater_id) values (37, 'B4', 2);
insert into seat(seat_id, seat, theater_id) values (38, 'B5', 2);
insert into seat(seat_id, seat, theater_id) values (39, 'B6', 2);
insert into seat(seat_id, seat, theater_id) values (40, 'B7', 2);
insert into seat(seat_id, seat, theater_id) values (41, 'B8', 2);
insert into seat(seat_id, seat, theater_id) values (42, 'A1', 3);
insert into seat(seat_id, seat, theater_id) values (43, 'A2', 3);
insert into seat(seat_id, seat, theater_id) values (44, 'A3', 3);
insert into seat(seat_id, seat, theater_id) values (45, 'A4', 3);
insert into seat(seat_id, seat, theater_id) values (46, 'B1', 3);
insert into seat(seat_id, seat, theater_id) values (47, 'B2', 3);
insert into seat(seat_id, seat, theater_id) values (48, 'B3', 3);
insert into seat(seat_id, seat, theater_id) values (49, 'B4', 3);
insert into seat(seat_id, seat, theater_id) values (50, 'C1', 3);
insert into seat(seat_id, seat, theater_id) values (51, 'C2', 3);
insert into seat(seat_id, seat, theater_id) values (52, 'C3', 3);
insert into seat(seat_id, seat, theater_id) values (53, 'C4', 3);

insert into show_date(show_date_id, show_date) values(1, '2021-01-04');
insert into show_date(show_date_id, show_date) values(2, '2021-03-01');
insert into show_date(show_date_id, show_date) values(3, '2021-09-24');
insert into show_date(show_date_id, show_date) values(4, '2021-12-21');


insert into `show`(show_id, `show`) values(1, 'Burr');
insert into `show`(show_id, `show`) values(2, 'Caddyshack');
insert into `show`(show_id, `show`) values(3, 'Dance Dance Vertical');
insert into `show`(show_id, `show`) values(4, 'Hair');
insert into `show`(show_id, `show`) values(5, 'Send in the Clowns');
insert into `show`(show_id, `show`) values(6, 'Stop. Just Stop.');
insert into `show`(show_id, `show`) values(7, 'Tell Me What To Think');
insert into `show`(show_id, `show`) values(8, 'The Dress');
insert into `show`(show_id, `show`) values(9, 'The Sky Lit Up');

insert into ticket(ticket_id, theater_id, customer_id, show_date_id, seat_id) values(1, 2, 1, 4, 28);
insert into ticket(ticket_id, theater_id, customer_id, show_date_id, seat_id) values(2, 2, 1, 4, 29);
insert into ticket(ticket_id, theater_id, customer_id, show_date_id, seat_id) values(3, 2, 1, 4, 30);
insert into ticket(ticket_id, theater_id, customer_id, show_date_id, seat_id) values(4, 3, 2, 3, 48);
insert into ticket(ticket_id, theater_id, customer_id, show_date_id, seat_id) values(5, 2, 3, 3, 41);
insert into ticket(ticket_id, theater_id, customer_id, show_date_id, seat_id) values(6, 1, 4, 4, 6);
insert into ticket(ticket_id, theater_id, customer_id, show_date_id, seat_id) values(7, 1, 4, 4, 7);
insert into ticket(ticket_id, theater_id, customer_id, show_date_id, seat_id) values(8, 1, 4, 4, 8);
insert into ticket(ticket_id, theater_id, customer_id, show_date_id, seat_id) values(9, 1, 5, 4, 4);
insert into ticket(ticket_id, theater_id, customer_id, show_date_id, seat_id) values(10, 1, 5, 4, 5);
insert into ticket(ticket_id, theater_id, customer_id, show_date_id, seat_id) values(11, 1, 6, 1, 20);
insert into ticket(ticket_id, theater_id, customer_id, show_date_id, seat_id) values(12, 1, 6, 1, 21);
insert into ticket(ticket_id, theater_id, customer_id, show_date_id, seat_id) values(13, 1, 6, 1, 22);
insert into ticket(ticket_id, theater_id, customer_id, show_date_id, seat_id) values(14, 1, 6, 1, 23);
insert into ticket(ticket_id, theater_id, customer_id, show_date_id, seat_id) values(15, 2, 7, 3, 37);
insert into ticket(ticket_id, theater_id, customer_id, show_date_id, seat_id) values(16, 2, 7, 3, 38);
insert into ticket(ticket_id, theater_id, customer_id, show_date_id, seat_id) values(17, 2, 7, 3, 39);
insert into ticket(ticket_id, theater_id, customer_id, show_date_id, seat_id) values(18, 2, 7, 3, 40);
insert into ticket(ticket_id, theater_id, customer_id, show_date_id, seat_id) values(19, 2, 8, 3, 26);
insert into ticket(ticket_id, theater_id, customer_id, show_date_id, seat_id) values(20, 2, 8, 3, 27);
insert into ticket(ticket_id, theater_id, customer_id, show_date_id, seat_id) values(21, 2, 8, 3, 28);
insert into ticket(ticket_id, theater_id, customer_id, show_date_id, seat_id) values(22, 2, 8, 3, 29);
insert into ticket(ticket_id, theater_id, customer_id, show_date_id, seat_id) values(23, 1, 9, 3, 18);
insert into ticket(ticket_id, theater_id, customer_id, show_date_id, seat_id) values(24, 3, 10, 1, 42);
insert into ticket(ticket_id, theater_id, customer_id, show_date_id, seat_id) values(25, 3, 10, 1, 43);
insert into ticket(ticket_id, theater_id, customer_id, show_date_id, seat_id) values(26, 3, 10, 1, 44);
insert into ticket(ticket_id, theater_id, customer_id, show_date_id, seat_id) values(27, 1, 11, 1, 9);
insert into ticket(ticket_id, theater_id, customer_id, show_date_id, seat_id) values(28, 1, 11, 1, 10);
insert into ticket(ticket_id, theater_id, customer_id, show_date_id, seat_id) values(29, 1, 11, 1, 11);
insert into ticket(ticket_id, theater_id, customer_id, show_date_id, seat_id) values(30, 1, 12, 4, 1);
insert into ticket(ticket_id, theater_id, customer_id, show_date_id, seat_id) values(31, 3, 13, 2, 51);
insert into ticket(ticket_id, theater_id, customer_id, show_date_id, seat_id) values(32, 2, 14, 4, 26);
insert into ticket(ticket_id, theater_id, customer_id, show_date_id, seat_id) values(33, 2, 14, 4, 27);
insert into ticket(ticket_id, theater_id, customer_id, show_date_id, seat_id) values(34, 3, 15, 2, 49);
insert into ticket(ticket_id, theater_id, customer_id, show_date_id, seat_id) values(35, 3, 15, 2, 50);
insert into ticket(ticket_id, theater_id, customer_id, show_date_id, seat_id) values(36, 1, 16, 3, 4);
insert into ticket(ticket_id, theater_id, customer_id, show_date_id, seat_id) values(37, 1, 16, 3, 5);
insert into ticket(ticket_id, theater_id, customer_id, show_date_id, seat_id) values(38, 3, 17, 1, 45);
insert into ticket(ticket_id, theater_id, customer_id, show_date_id, seat_id) values(39, 3, 17, 3, 49);
insert into ticket(ticket_id, theater_id, customer_id, show_date_id, seat_id) values(40, 3, 17, 3, 50);
insert into ticket(ticket_id, theater_id, customer_id, show_date_id, seat_id) values(41, 3, 17, 3, 51);
insert into ticket(ticket_id, theater_id, customer_id, show_date_id, seat_id) values(42, 3, 17, 4, 48);
insert into ticket(ticket_id, theater_id, customer_id, show_date_id, seat_id) values(43, 3, 18, 4, 42);
insert into ticket(ticket_id, theater_id, customer_id, show_date_id, seat_id) values(44, 3, 18, 4, 43);
insert into ticket(ticket_id, theater_id, customer_id, show_date_id, seat_id) values(45, 3, 18, 4, 44);
insert into ticket(ticket_id, theater_id, customer_id, show_date_id, seat_id) values(46, 1, 19, 1, 6);
insert into ticket(ticket_id, theater_id, customer_id, show_date_id, seat_id) values(47, 3, 20, 4, 49);
insert into ticket(ticket_id, theater_id, customer_id, show_date_id, seat_id) values(48, 3, 21, 1, 51);
insert into ticket(ticket_id, theater_id, customer_id, show_date_id, seat_id) values(49, 3, 21, 1, 52);
insert into ticket(ticket_id, theater_id, customer_id, show_date_id, seat_id) values(50, 1, 22, 3, 16);
insert into ticket(ticket_id, theater_id, customer_id, show_date_id, seat_id) values(51, 1, 22, 3, 17);
insert into ticket(ticket_id, theater_id, customer_id, show_date_id, seat_id) values(52, 1, 23, 3, 2);
insert into ticket(ticket_id, theater_id, customer_id, show_date_id, seat_id) values(53, 2, 24, 4, 40);
insert into ticket(ticket_id, theater_id, customer_id, show_date_id, seat_id) values(54, 1, 25, 4, 15);
insert into ticket(ticket_id, theater_id, customer_id, show_date_id, seat_id) values(55, 1, 25, 4, 16);
insert into ticket(ticket_id, theater_id, customer_id, show_date_id, seat_id) values(56, 1, 25, 4, 17);
insert into ticket(ticket_id, theater_id, customer_id, show_date_id, seat_id) values(57, 2, 26, 2, 35);
insert into ticket(ticket_id, theater_id, customer_id, show_date_id, seat_id) values(58, 2, 26, 2, 36);
insert into ticket(ticket_id, theater_id, customer_id, show_date_id, seat_id) values(59, 2, 26, 2, 37);
insert into ticket(ticket_id, theater_id, customer_id, show_date_id, seat_id) values(60, 2, 26, 2, 38);
insert into ticket(ticket_id, theater_id, customer_id, show_date_id, seat_id) values(61, 1, 27, 1, 16);
insert into ticket(ticket_id, theater_id, customer_id, show_date_id, seat_id) values(62, 3, 28, 2, 42);
insert into ticket(ticket_id, theater_id, customer_id, show_date_id, seat_id) values(63, 1, 29, 3, 23);
insert into ticket(ticket_id, theater_id, customer_id, show_date_id, seat_id) values(64, 1, 29, 3, 24);
insert into ticket(ticket_id, theater_id, customer_id, show_date_id, seat_id) values(65, 3, 30, 2, 43);
insert into ticket(ticket_id, theater_id, customer_id, show_date_id, seat_id) values(66, 3, 30, 2, 44);
insert into ticket(ticket_id, theater_id, customer_id, show_date_id, seat_id) values(67, 1, 31, 2, 24);
insert into ticket(ticket_id, theater_id, customer_id, show_date_id, seat_id) values(68, 2, 32, 3, 34);
insert into ticket(ticket_id, theater_id, customer_id, show_date_id, seat_id) values(69, 2, 32, 3, 35);
insert into ticket(ticket_id, theater_id, customer_id, show_date_id, seat_id) values(70, 2, 32, 3, 36);
insert into ticket(ticket_id, theater_id, customer_id, show_date_id, seat_id) values(71, 2, 33, 1, 36);
insert into ticket(ticket_id, theater_id, customer_id, show_date_id, seat_id) values(72, 2, 33, 1, 37);
insert into ticket(ticket_id, theater_id, customer_id, show_date_id, seat_id) values(73, 2, 33, 1, 38);
insert into ticket(ticket_id, theater_id, customer_id, show_date_id, seat_id) values(74, 2, 33, 1, 39);
insert into ticket(ticket_id, theater_id, customer_id, show_date_id, seat_id) values(75, 3, 34, 1, 46);
insert into ticket(ticket_id, theater_id, customer_id, show_date_id, seat_id) values(76, 3, 34, 1, 47);
insert into ticket(ticket_id, theater_id, customer_id, show_date_id, seat_id) values(77, 3, 34, 1, 48);
insert into ticket(ticket_id, theater_id, customer_id, show_date_id, seat_id) values(78, 3, 34, 1, 49);
insert into ticket(ticket_id, theater_id, customer_id, show_date_id, seat_id) values(79, 2, 34, 2, 28);
insert into ticket(ticket_id, theater_id, customer_id, show_date_id, seat_id) values(80, 2, 34, 2, 29);
insert into ticket(ticket_id, theater_id, customer_id, show_date_id, seat_id) values(81, 2, 34, 2, 30);
insert into ticket(ticket_id, theater_id, customer_id, show_date_id, seat_id) values(82, 2, 34, 2, 31);
insert into ticket(ticket_id, theater_id, customer_id, show_date_id, seat_id) values(83, 2, 34, 4, 34);
insert into ticket(ticket_id, theater_id, customer_id, show_date_id, seat_id) values(84, 2, 34, 4, 35);
insert into ticket(ticket_id, theater_id, customer_id, show_date_id, seat_id) values(85, 2, 34, 4, 36);
insert into ticket(ticket_id, theater_id, customer_id, show_date_id, seat_id) values(86, 2, 34, 4, 37);
insert into ticket(ticket_id, theater_id, customer_id, show_date_id, seat_id) values(87, 1, 35, 3, 14);
insert into ticket(ticket_id, theater_id, customer_id, show_date_id, seat_id) values(88, 1, 35, 3, 15);
insert into ticket(ticket_id, theater_id, customer_id, show_date_id, seat_id) values(89, 1, 36, 1, 7);
insert into ticket(ticket_id, theater_id, customer_id, show_date_id, seat_id) values(90, 1, 36, 1, 8);
insert into ticket(ticket_id, theater_id, customer_id, show_date_id, seat_id) values(91, 1, 36, 2, 5);
insert into ticket(ticket_id, theater_id, customer_id, show_date_id, seat_id) values(92, 1, 36, 2, 6);
insert into ticket(ticket_id, theater_id, customer_id, show_date_id, seat_id) values(93, 1, 36, 2, 7);
insert into ticket(ticket_id, theater_id, customer_id, show_date_id, seat_id) values(94, 1, 36, 2, 8);
insert into ticket(ticket_id, theater_id, customer_id, show_date_id, seat_id) values(95, 1, 37, 1, 12);
insert into ticket(ticket_id, theater_id, customer_id, show_date_id, seat_id) values(96, 1, 37, 1, 13);
insert into ticket(ticket_id, theater_id, customer_id, show_date_id, seat_id) values(97, 1, 37, 1, 14);
insert into ticket(ticket_id, theater_id, customer_id, show_date_id, seat_id) values(98, 1, 37, 1, 15);
insert into ticket(ticket_id, theater_id, customer_id, show_date_id, seat_id) values(99, 1, 38, 4, 12);
insert into ticket(ticket_id, theater_id, customer_id, show_date_id, seat_id) values(100, 1, 38, 4, 13);
insert into ticket(ticket_id, theater_id, customer_id, show_date_id, seat_id) values(101, 1, 38, 4, 14);
insert into ticket(ticket_id, theater_id, customer_id, show_date_id, seat_id) values(102, 3, 39, 4, 50);
insert into ticket(ticket_id, theater_id, customer_id, show_date_id, seat_id) values(103, 3, 39, 4, 51);
insert into ticket(ticket_id, theater_id, customer_id, show_date_id, seat_id) values(104, 2, 40, 1, 32);
insert into ticket(ticket_id, theater_id, customer_id, show_date_id, seat_id) values(105, 2, 40, 1, 33);
insert into ticket(ticket_id, theater_id, customer_id, show_date_id, seat_id) values(106, 2, 40, 1, 34);
insert into ticket(ticket_id, theater_id, customer_id, show_date_id, seat_id) values(107, 1, 41, 3, 10);
insert into ticket(ticket_id, theater_id, customer_id, show_date_id, seat_id) values(108, 1, 41, 3, 11);
insert into ticket(ticket_id, theater_id, customer_id, show_date_id, seat_id) values(109, 1, 41, 3, 12);
insert into ticket(ticket_id, theater_id, customer_id, show_date_id, seat_id) values(110, 1, 41, 3, 13);
insert into ticket(ticket_id, theater_id, customer_id, show_date_id, seat_id) values(111, 1, 42, 4, 24);
insert into ticket(ticket_id, theater_id, customer_id, show_date_id, seat_id) values(112, 1, 42, 4, 25);
insert into ticket(ticket_id, theater_id, customer_id, show_date_id, seat_id) values(113, 2, 43, 2, 27);
insert into ticket(ticket_id, theater_id, customer_id, show_date_id, seat_id) values(114, 1, 44, 2, 9);
insert into ticket(ticket_id, theater_id, customer_id, show_date_id, seat_id) values(115, 1, 44, 2, 10);
insert into ticket(ticket_id, theater_id, customer_id, show_date_id, seat_id) values(116, 1, 44, 2, 11);
insert into ticket(ticket_id, theater_id, customer_id, show_date_id, seat_id) values(117, 1, 44, 2, 12);
insert into ticket(ticket_id, theater_id, customer_id, show_date_id, seat_id) values(118, 2, 45, 1, 30);
insert into ticket(ticket_id, theater_id, customer_id, show_date_id, seat_id) values(119, 2, 45, 1, 31);
insert into ticket(ticket_id, theater_id, customer_id, show_date_id, seat_id) values(120, 1, 46, 1, 4);
insert into ticket(ticket_id, theater_id, customer_id, show_date_id, seat_id) values(121, 2, 47, 4, 31);
insert into ticket(ticket_id, theater_id, customer_id, show_date_id, seat_id) values(122, 2, 47, 4, 32);
insert into ticket(ticket_id, theater_id, customer_id, show_date_id, seat_id) values(123, 2, 47, 4, 33);
insert into ticket(ticket_id, theater_id, customer_id, show_date_id, seat_id) values(124, 1, 48, 3, 6);
insert into ticket(ticket_id, theater_id, customer_id, show_date_id, seat_id) values(125, 1, 49, 4, 2);
insert into ticket(ticket_id, theater_id, customer_id, show_date_id, seat_id) values(126, 1, 49, 4, 3);
insert into ticket(ticket_id, theater_id, customer_id, show_date_id, seat_id) values(127, 2, 50, 4, 38);
insert into ticket(ticket_id, theater_id, customer_id, show_date_id, seat_id) values(128, 2, 50, 4, 39);
insert into ticket(ticket_id, theater_id, customer_id, show_date_id, seat_id) values(129, 1, 51, 3, 7);
insert into ticket(ticket_id, theater_id, customer_id, show_date_id, seat_id) values(130, 1, 51, 3, 8);
insert into ticket(ticket_id, theater_id, customer_id, show_date_id, seat_id) values(131, 1, 51, 3, 9);
insert into ticket(ticket_id, theater_id, customer_id, show_date_id, seat_id) values(132, 3, 52, 2, 52);
insert into ticket(ticket_id, theater_id, customer_id, show_date_id, seat_id) values(133, 3, 52, 2, 53);
insert into ticket(ticket_id, theater_id, customer_id, show_date_id, seat_id) values(134, 1, 53, 1, 24);
insert into ticket(ticket_id, theater_id, customer_id, show_date_id, seat_id) values(135, 2, 54, 2, 34);
insert into ticket(ticket_id, theater_id, customer_id, show_date_id, seat_id) values(136, 1, 54, 4, 9);
insert into ticket(ticket_id, theater_id, customer_id, show_date_id, seat_id) values(137, 1, 54, 4, 10);
insert into ticket(ticket_id, theater_id, customer_id, show_date_id, seat_id) values(138, 1, 54, 4, 11);
insert into ticket(ticket_id, theater_id, customer_id, show_date_id, seat_id) values(139, 2, 55, 1, 40);
insert into ticket(ticket_id, theater_id, customer_id, show_date_id, seat_id) values(140, 2, 56, 1, 26);
insert into ticket(ticket_id, theater_id, customer_id, show_date_id, seat_id) values(141, 2, 56, 1, 27);
insert into ticket(ticket_id, theater_id, customer_id, show_date_id, seat_id) values(142, 2, 56, 1, 28);
insert into ticket(ticket_id, theater_id, customer_id, show_date_id, seat_id) values(143, 2, 56, 1, 29);
insert into ticket(ticket_id, theater_id, customer_id, show_date_id, seat_id) values(144, 3, 57, 2, 45);
insert into ticket(ticket_id, theater_id, customer_id, show_date_id, seat_id) values(145, 3, 57, 2, 46);
insert into ticket(ticket_id, theater_id, customer_id, show_date_id, seat_id) values(146, 3, 57, 2, 47);
insert into ticket(ticket_id, theater_id, customer_id, show_date_id, seat_id) values(147, 3, 57, 2, 48);
insert into ticket(ticket_id, theater_id, customer_id, show_date_id, seat_id) values(148, 2, 58, 1, 35);
insert into ticket(ticket_id, theater_id, customer_id, show_date_id, seat_id) values(149, 3, 59, 4, 52);
insert into ticket(ticket_id, theater_id, customer_id, show_date_id, seat_id) values(150, 3, 59, 4, 53);
insert into ticket(ticket_id, theater_id, customer_id, show_date_id, seat_id) values(151, 3, 60, 3, 53);
insert into ticket(ticket_id, theater_id, customer_id, show_date_id, seat_id) values(152, 1, 61, 3, 19);
insert into ticket(ticket_id, theater_id, customer_id, show_date_id, seat_id) values(153, 1, 61, 3, 20);
insert into ticket(ticket_id, theater_id, customer_id, show_date_id, seat_id) values(154, 1, 61, 3, 21);
insert into ticket(ticket_id, theater_id, customer_id, show_date_id, seat_id) values(155, 1, 61, 3, 22);
insert into ticket(ticket_id, theater_id, customer_id, show_date_id, seat_id) values(156, 1, 61, 4, 22);
insert into ticket(ticket_id, theater_id, customer_id, show_date_id, seat_id) values(157, 1, 61, 4, 23);
insert into ticket(ticket_id, theater_id, customer_id, show_date_id, seat_id) values(158, 3, 62, 3, 42);
insert into ticket(ticket_id, theater_id, customer_id, show_date_id, seat_id) values(159, 3, 62, 3, 43);
insert into ticket(ticket_id, theater_id, customer_id, show_date_id, seat_id) values(160, 3, 63, 3, 52);
insert into ticket(ticket_id, theater_id, customer_id, show_date_id, seat_id) values(161, 1, 64, 2, 15);
insert into ticket(ticket_id, theater_id, customer_id, show_date_id, seat_id) values(162, 1, 64, 2, 16);
insert into ticket(ticket_id, theater_id, customer_id, show_date_id, seat_id) values(163, 1, 64, 2, 17);
insert into ticket(ticket_id, theater_id, customer_id, show_date_id, seat_id) values(164, 3, 65, 3, 44);
insert into ticket(ticket_id, theater_id, customer_id, show_date_id, seat_id) values(165, 3, 65, 3, 45);
insert into ticket(ticket_id, theater_id, customer_id, show_date_id, seat_id) values(166, 3, 65, 3, 46);
insert into ticket(ticket_id, theater_id, customer_id, show_date_id, seat_id) values(167, 3, 65, 3, 47);
insert into ticket(ticket_id, theater_id, customer_id, show_date_id, seat_id) values(168, 2, 66, 2, 32);
insert into ticket(ticket_id, theater_id, customer_id, show_date_id, seat_id) values(169, 2, 66, 2, 33);
insert into ticket(ticket_id, theater_id, customer_id, show_date_id, seat_id) values(170, 1, 67, 2, 13);
insert into ticket(ticket_id, theater_id, customer_id, show_date_id, seat_id) values(171, 1, 67, 2, 14);
insert into ticket(ticket_id, theater_id, customer_id, show_date_id, seat_id) values(172, 3, 68, 1, 50);
insert into ticket(ticket_id, theater_id, customer_id, show_date_id, seat_id) values(173, 1, 69, 4, 18);
insert into ticket(ticket_id, theater_id, customer_id, show_date_id, seat_id) values(174, 1, 69, 4, 19);
insert into ticket(ticket_id, theater_id, customer_id, show_date_id, seat_id) values(175, 1, 69, 4, 20);
insert into ticket(ticket_id, theater_id, customer_id, show_date_id, seat_id) values(176, 1, 69, 4, 21);
insert into ticket(ticket_id, theater_id, customer_id, show_date_id, seat_id) values(177, 1, 70, 2, 18);
insert into ticket(ticket_id, theater_id, customer_id, show_date_id, seat_id) values(178, 1, 70, 2, 19);
insert into ticket(ticket_id, theater_id, customer_id, show_date_id, seat_id) values(179, 1, 70, 2, 20);
insert into ticket(ticket_id, theater_id, customer_id, show_date_id, seat_id) values(180, 1, 71, 1, 17);
insert into ticket(ticket_id, theater_id, customer_id, show_date_id, seat_id) values(181, 1, 71, 1, 18);
insert into ticket(ticket_id, theater_id, customer_id, show_date_id, seat_id) values(182, 1, 71, 1, 19);
insert into ticket(ticket_id, theater_id, customer_id, show_date_id, seat_id) values(183, 2, 72, 2, 39);
insert into ticket(ticket_id, theater_id, customer_id, show_date_id, seat_id) values(184, 2, 72, 2, 40);
insert into ticket(ticket_id, theater_id, customer_id, show_date_id, seat_id) values(185, 1, 73, 2, 21);
insert into ticket(ticket_id, theater_id, customer_id, show_date_id, seat_id) values(186, 1, 73, 2, 22);
insert into ticket(ticket_id, theater_id, customer_id, show_date_id, seat_id) values(187, 1, 73, 2, 23);
insert into ticket(ticket_id, theater_id, customer_id, show_date_id, seat_id) values(188, 3, 73, 4, 45);
insert into ticket(ticket_id, theater_id, customer_id, show_date_id, seat_id) values(189, 3, 73, 4, 46);
insert into ticket(ticket_id, theater_id, customer_id, show_date_id, seat_id) values(190, 3, 73, 4, 47);
insert into ticket(ticket_id, theater_id, customer_id, show_date_id, seat_id) values(191, 2, 74, 3, 30);
insert into ticket(ticket_id, theater_id, customer_id, show_date_id, seat_id) values(192, 2, 74, 3, 31);
insert into ticket(ticket_id, theater_id, customer_id, show_date_id, seat_id) values(193, 2, 74, 3, 32);
insert into ticket(ticket_id, theater_id, customer_id, show_date_id, seat_id) values(194, 2, 74, 3, 33);

insert into theater_show_date(theater_id, show_date_id, show_id, price) values(1, 1, 8, 14.85);
insert into theater_show_date(theater_id, show_date_id, show_id, price) values(3, 1, 3, 18.95);
insert into theater_show_date(theater_id, show_date_id, show_id, price) values(2, 1, 2, 15.25);
insert into theater_show_date(theater_id, show_date_id, show_id, price) values(3, 2, 9, 20);
insert into theater_show_date(theater_id, show_date_id, show_id, price) values(2, 2, 1, 21.5);
insert into theater_show_date(theater_id, show_date_id, show_id, price) values(1, 2, 5, 15);
insert into theater_show_date(theater_id, show_date_id, show_id, price) values(3, 3, 9, 20);
insert into theater_show_date(theater_id, show_date_id, show_id, price) values(2, 3, 1, 21.5);
insert into theater_show_date(theater_id, show_date_id, show_id, price) values(1, 3, 5, 15);
insert into theater_show_date(theater_id, show_date_id, show_id, price) values(2, 4, 4, 14.75);
insert into theater_show_date(theater_id, show_date_id, show_id, price) values(1, 4, 7, 16.25);
insert into theater_show_date(theater_id, show_date_id, show_id, price) values(3, 4, 6, 17.35);

-- The Little Fitz's 2021-03-01 performance of The Sky Lit Up is listed with a $20 ticket price. 
-- The actual price is $22.25 because of a visiting celebrity actor. 
-- (Customers were already notified.) Update the ticket price for that performance only.
-- select * from theater; -- 3 is Little Fitz
-- select * from show_date -- 2 is 2020-03-01
-- select * from `show`; -- 9 is the Sky Lit Up
-- select * 
-- from theater_show_date
-- where theater_id = 3 and show_date_id = 2 and show_id = 9; confirm price is currently $20
update theater_show_date set
	price = 22.25
where theater_id = 3 and show_date_id = 2 and show_id = 9; -- update to $22.25

-- In the Little Fitz's 2021-03-01 performance of The Sky Lit Up, Pooh Bedburrow and Cullen Guirau seat reservations aren't in the same row. 
-- Adjust seating so all groups are seated together in a row. This may require updates to all reservations for that performance.
-- Confirm that no seat is double-booked and that everyone who has a ticket is as close to their original seat as possible.

-- select * from customer 
-- where customer_first = "Pooh" or customer_first = "Cullen"; -- Cullen is customer_id 15 and Pooh is 57

-- select * from ticket t
-- left join seat s on s.seat_id = t.seat_id
-- where t.theater_id = 3 and t.show_date_id = 2
-- order by t.seat_id; -- check out theater tickets and looks like all tickets sold so we rearrange and try to keep groups together using update

update ticket set
	seat_id = 42 -- "A1"
where ticket_id = 144;

update ticket set
	seat_id = 43 -- "A2"
where ticket_id = 145;

update ticket set
	seat_id = 44 --  "A3"
where ticket_id = 146;

update ticket set
	seat_id = 45 -- "A4"
where ticket_id = 147;

update ticket set
	seat_id = 46 -- "B1"
where ticket_id = 34;

update ticket set
	seat_id = 47 -- "B2"
where ticket_id = 35;

update ticket set
	seat_id = 48 -- "B3"
where ticket_id = 65;

update ticket set
	seat_id = 49 -- "B4"
where ticket_id = 66;

update ticket set
	seat_id = 50 -- "C1"
where ticket_id = 62;



-- Update Jammie Swindles's phone number from "801-514-8648" to "1-801-EAT-CAKE".
-- select * from customer
-- where customer_first = "Jammie"; -- confirm customer_phone currently "801-514-8648" and find that id is 34
update customer set
	customer_phone = "1-801-EAT-CAKE"
where customer_id = 34; -- update the phone #


-- Delete all single-ticket reservations at the 10 Pin. (You don't have to do it with one query.)
-- select customer_id,
-- count(customer_id)
-- from ticket
-- where theater_id = 3
-- group by customer_id
-- order by count(customer_id); -- finds the single-ticket reservations at the 10 pin -> 2, 13, 68, 63, 20, 28, 60
delete from ticket
where customer_id  in (2, 13, 68, 63, 20, 28, 60) and theater_id = 3;


-- Delete the customer Liv Egle of Germany. It appears their reservations were an elaborate joke.
-- select * from customer
-- where customer_first = "Liv"; -- their id is 45, have to find and delete ticket first
-- select * from ticket
-- where customer_id = 34; -- they bought all ticket_ids between 75 and 86
delete from ticket
where customer_id = 34;
-- now delete the jokester
delete from customer 
where customer_id = 34;











